date,variety,warehouses,total,pre_total,diff,cancel_wh,cancel_sum,reg_wh,reg_sum
2026-01-05,lc,19,20281,20281,0,0,0,0,0
2026-01-06,lc,20,23141,20281,2860,0,0,8,2860
2026-01-07,lc,20,25180,23141,2039,0,0,4,2039
2026-01-08,lc,21,25770,25180,590,0,0,3,590
2026-01-09,lc,21,25360,25770,-410,3,-1450,4,1040
2026-01-12,lc,21,25970,25360,610,0,0,2,610
2026-01-13,lc,21,26898,25970,928,0,0,6,928
2026-01-14,lc,21,27158,26898,260,2,-160,5,420
2026-01-15,lc,21,27205,27158,47,3,-94,3,141
2026-01-16,lc,21,27458,27205,253,2,-47,1,300
2026-01-19,lc,20,27698,27458,240,1,-80,2,320
2026-01-20,lc,20,27681,27698,-17,1,-17,0,0
2026-01-21,lc,20,28656,27681,975,0,0,4,975
2026-01-22,lc,20,28886,28656,230,0,0,3,230
2026-01-23,lc,20,28156,28886,-730,2,-860,3,130
2026-01-26,lc,20,28646,28156,490,0,0,5,490
2026-01-27,lc,20,29166,28646,520,1,-30,4,550
2026-01-28,lc,20,29966,29166,800,0,0,5,800
2026-01-29,lc,20,30211,29966,245,1,-5,2,250
2026-01-30,lc,20,30631,30211,420,0,0,3,420
2026-02-02,lc,21,32241,30631,1610,0,0,7,1610
2026-02-03,lc,21,33084,32241,843,3,-87,4,930
2026-02-04,lc,21,34114,33084,1030,0,0,6,1030
2026-02-05,lc,22,33787,34114,-327,2,-1157,6,830
2026-02-06,lc,22,33777,33787,-10,1,-880,3,870
2026-02-09,lc,22,34597,33777,820,0,0,4,820
2026-02-10,lc,22,35537,34597,940,0,0,5,940
2026-02-11,lc,22,35527,35537,-10,1,-10,0,0
2026-02-12,lc,22,37282,35527,1755,1,-30,6,1785
2026-02-13,lc,22,38759,37282,1477,1,-60,7,1537
2026-02-24,lc,22,38855,38759,96,1,-20,3,116
2026-02-25,lc,22,38525,38855,-330,1,-390,1,60
2026-02-26,lc,22,38451,38525,-74,2,-254,1,180
2026-02-27,lc,22,38461,38451,10,3,-320,3,330
2026-03-02,lc,22,38196,38461,-265,3,-535,3,270
2026-03-03,lc,22,37755,38196,-441,4,-441,0,0
2026-03-04,lc,22,37155,37755,-600,5,-600,0,0
2026-03-05,lc,23,36840,37155,-315,6,-904,5,589
2026-03-06,lc,23,36330,36840,-510,3,-1260,3,750
2026-03-09,lc,23,36861,36330,531,4,-202,3,733
2026-03-10,lc,23,37019,36861,158,3,-439,3,597
2026-03-11,lc,23,36739,37019,-280,4,-310,1,30
2026-03-12,lc,23,36455,36739,-284,7,-460,2,176
2026-03-13,lc,23,36403,36455,-52,4,-202,1,150
2026-03-16,lc,23,36393,36403,-10,3,-450,1,440
2026-03-17,lc,23,36465,36393,72,4,-398,1,470
2026-03-18,lc,23,35769,36465,-696,8,-846,1,150
2026-03-19,lc,23,34740,35769,-1029,7,-1029,0,0
2026-03-20,lc,23,34318,34740,-422,5,-870,4,448
2026-03-23,lc,23,33537,34318,-781,6,-781,0,0
2026-03-24,lc,23,32078,33537,-1459,5,-1557,3,98
2026-03-25,lc,23,31460,32078,-618,7,-878,3,260
2026-03-26,lc,23,30751,31460,-709,6,-1789,4,1080
2026-03-27,lc,22,30111,30751,-640,5,-1030,5,390
2026-03-30,lc,22,31064,30111,953,2,-170,4,1123
2026-03-31,lc,22,11318,31064,-19746,22,-19746,0,0
2026-04-01,lc,14,17658,11318,6340,0,0,9,6340
2026-04-02,lc,16,19238,17658,1580,0,0,3,1580
2026-04-03,lc,18,21238,19238,2000,0,0,9,2000
2026-04-07,lc,18,21508,21238,270,0,0,4,270
2026-04-08,lc,18,23654,21508,2146,0,0,7,2146
2026-04-09,lc,18,24664,23654,1010,1,-30,4,1040
2026-04-10,lc,18,25453,24664,789,0,0,4,789
2026-04-13,lc,18,26203,25453,750,1,-30,3,780
2026-04-14,lc,18,27523,26203,1320,0,0,6,1320
2026-04-15,lc,18,28383,27523,860,1,-30,5,890
2026-04-16,lc,18,29423,28383,1040,0,0,4,1040
2026-04-17,lc,18,30023,29423,600,0,0,4,600
2026-04-20,lc,19,30688,30023,665,0,0,4,665
2026-04-21,lc,19,32268,30688,1580,0,0,5,1580
2026-04-22,lc,19,32658,32268,390,1,-10,4,400
2026-04-23,lc,19,33359,32658,701,1,-30,3,731
2026-04-24,lc,19,34298,33359,939,1,-10,5,949
2026-04-27,lc,19,35327,34298,1029,0,0,4,1029
2026-04-28,lc,19,36392,35327,1065,1,-30,6,1095
2026-04-29,lc,19,36962,36392,570,0,0,5,570
2026-04-30,lc,19,38012,36962,1050,0,0,6,1050
2026-05-06,lc,20,39041,38012,1029,0,0,6,1029
2026-05-07,lc,21,42631,39041,3590,0,0,8,3590
2026-05-08,lc,21,43930,42631,1299,2,-21,6,1320
2026-05-11,lc,21,43880,43930,-50,2,-50,0,0
2026-05-12,lc,21,45954,43880,2074,2,-80,6,2154
2026-05-13,lc,21,47720,45954,1766,0,0,7,1766
2026-05-14,lc,21,49310,47720,1590,1,-10,6,1600
2026-05-15,lc,22,50639,49310,1329,1,-75,6,1404
2026-05-18,lc,23,51804,50639,1165,2,-240,6,1405
2026-05-19,lc,23,52579,51804,775,0,0,7,775
2026-05-20,lc,23,53083,52579,504,0,0,3,504
2026-05-21,lc,23,52337,53083,-746,3,-746,0,0
2026-05-22,lc,23,53047,52337,710,3,-210,6,920
2026-05-25,lc,23,52143,53047,-904,7,-904,0,0
2026-05-26,lc,23,53763,52143,1620,2,-271,6,1891
2026-05-27,lc,23,54249,53763,486,4,-124,5,610
2026-05-28,lc,23,54033,54249,-216,7,-216,0,0
2026-05-29,lc,23,54195,54033,162,4,-534,2,696
2026-06-01,lc,23,55215,54195,1020,4,-280,2,1300
2026-06-02,lc,23,55990,55215,775,2,-65,5,840
2026-06-03,lc,23,56045,55990,55,3,-125,3,180
2026-06-04,lc,24,56599,56045,554,6,-246,2,800
2026-06-05,lc,24,55687,56599,-912,6,-912,0,0
2026-06-08,lc,24,55940,55687,253,2,-422,3,675
2026-06-09,lc,24,55544,55940,-396,5,-820,5,424
2026-06-10,lc,25,55581,55544,37,4,-263,1,300
2026-06-11,lc,25,54683,55581,-898,6,-898,0,0
2026-06-12,lc,25,53787,54683,-896,5,-926,1,30
2026-06-15,lc,25,53885,53787,98,6,-815,3,913
2026-06-16,lc,25,53285,53885,-600,7,-880,2,280
2026-06-17,lc,26,52685,53285,-600,8,-1100,3,500
2026-06-18,lc,26,51975,52685,-710,6,-810,2,100
2026-06-22,lc,26,50415,51975,-1560,9,-1760,1,200
2026-06-23,lc,26,50460,50415,45,5,-593,4,638
2026-06-24,lc,26,49115,50460,-1345,8,-1415,1,70
2026-06-25,lc,26,49007,49115,-108,4,-438,2,330
2026-06-26,lc,26,48544,49007,-463,8,-683,1,220
2026-06-29,lc,26,48489,48544,-55,5,-486,3,431
2026-06-30,lc,26,48731,48489,242,2,-60,2,302
2026-07-01,lc,26,49331,48731,600,2,-260,5,860
2026-07-02,lc,26,48578,49331,-753,4,-863,3,110
2026-07-03,lc,26,48206,48578,-372,5,-1301,4,929
2026-07-06,lc,26,46708,48206,-1498,9,-1765,2,267
2026-07-07,lc,26,46085,46708,-623,7,-1203,3,580
2026-07-08,lc,26,43640,46085,-2445,9,-2580,2,135
2026-07-09,lc,26,44020,43640,380,3,-80,3,460
2026-07-10,lc,26,42067,44020,-1953,9,-2568,5,615
2026-07-13,lc,25,42406,42067,339,4,-241,3,580
2026-07-14,lc,25,42903,42406,497,5,-470,3,967
2026-07-15,lc,25,42420,42903,-483,7,-668,4,185
2026-07-16,lc,25,41231,42420,-1189,8,-1239,1,50
2026-07-17,lc,25,40345,41231,-886,7,-980,1,94
2026-07-20,lc,25,41359,40345,1014,2,-140,5,1154
2026-07-21,lc,25,41023,41359,-336,5,-688,3,352
2026-07-22,lc,25,40865,41023,-158,5,-518,2,360
2026-07-23,lc,25,40334,40865,-531,7,-620,1,89
2026-07-24,lc,25,39879,40334,-455,9,-665,1,210
2026-07-27,lc,25,38418,39879,-1461,10,-1634,1,173
2026-07-28,lc,25,38278,38418,-140,4,-910,5,770
2026-07-29,lc,23,39315,38278,1037,9,-291,3,1328
2026-07-30,lc,22,38981,39315,-334,7,-1101,3,767
2026-07-31,lc,21,25042,38981,-13939,20,-13939,0,0
2026-08-03,lc,9,26552,25042,1510,0,0,4,1510
2026-08-04,lc,10,27653,26552,1101,0,0,7,1101
2026-08-05,lc,10,28123,27653,470,0,0,4,470
2026-08-06,lc,10,28453,28123,330,0,0,6,330
2026-08-07,lc,12,29873,28453,1420,1,-90,7,1510
2026-08-10,lc,12,31621,29873,1748,0,0,7,1748
2026-08-11,lc,12,32551,31621,930,1,-60,4,990
2026-08-12,lc,14,35101,32551,2550,1,-60,8,2610
2026-08-13,lc,14,35508,35101,407,1,-60,5,467
2026-08-14,lc,14,36098,35508,590,0,0,4,590
2026-08-17,lc,14,36689,36098,591,1,-79,3,670
2026-08-18,lc,14,37369,36689,680,0,0,3,680
2026-08-19,lc,14,38608,37369,1239,0,0,7,1239
2026-08-20,lc,14,39333,38608,725,0,0,4,725
2026-08-21,lc,14,39604,39333,271,2,-99,3,370
2026-08-24,lc,14,41290,39604,1686,0,0,6,1686
2026-08-25,lc,15,41940,41290,650,2,-500,5,1150
2026-08-26,lc,15,43100,41940,1160,0,0,5,1160
2026-08-27,lc,16,43390,43100,290,3,-590,4,880
2026-08-28,lc,16,44024,43390,634,1,-35,5,669
2026-08-31,lc,16,45624,44024,1600,0,0,5,1600
2026-09-01,lc,16,45839,45624,215,3,-564,4,779
2026-09-02,lc,16,45389,45839,-450,4,-1400,4,950
2026-09-03,lc,19,46898,45389,1509,4,-310,6,1819
2026-09-04,lc,19,47198,46898,300,2,-238,3,538
2026-09-07,lc,19,47988,47198,790,2,-150,5,940
2026-09-08,lc,19,49423,47988,1435,1,-60,6,1495
2026-09-09,lc,19,49797,49423,374,3,-270,4,644
2026-09-10,lc,19,49264,49797,-533,5,-570,1,37
2026-09-11,lc,19,48714,49264,-550,5,-665,1,115
2026-09-14,lc,19,48814,48714,100,5,-390,3,490
2026-09-15,lc,19,47164,48814,-1650,5,-1710,1,60
2026-09-16,lc,19,45515,47164,-1649,7,-1829,1,180
2026-09-17,lc,19,43583,45515,-1932,6,-1942,1,10
2026-09-18,lc,19,41105,43583,-2478,9,-2478,0,0
2026-09-21,lc,18,38305,41105,-2800,8,-2830,1,30
2026-09-22,lc,18,35858,38305,-2447,7,-2507,1,60
2026-09-23,lc,18,34335,35858,-1523,8,-1523,0,0
2026-09-24,lc,18,33436,34335,-899,7,-969,2,70
